{"train/global_step":684,"eval/runtime":10.6716,"train_steps_per_second":1.677,"train/learning_rate":7.957371225577265e-05,"train_samples_per_second":1.677,"train_runtime":674.5347,"_wandb":{"runtime":679},"train/epoch":1.8143236074270557,"eval/samples_per_second":3.936,"eval/loss":0.7203860282897949,"_timestamp":1.7505238728572812e+09,"_runtime":673.315447783,"eval/steps_per_second":3.936,"total_flos":2.86312547569152e+16,"train_loss":0.557654999850089,"train/loss":0.3868,"_step":12,"train/grad_norm":0.727844774723053}