{"_timestamp":1.750015652703343e+09,"train_loss":0.3946985772602543,"train_runtime":1035.5031,"train/grad_norm":0.9877970218658447,"total_flos":4.89192659324928e+16,"eval/samples_per_second":3.8,"train/global_step":1131,"_wandb":{"runtime":1034},"eval/runtime":11.0518,"_runtime":1034.534647957,"train/loss":0.1475,"eval/loss":0.7912911772727966,"_step":18,"train_samples_per_second":1.092,"train/epoch":3,"eval/steps_per_second":3.8,"train_steps_per_second":1.092,"train/learning_rate":1.882770870337478e-05}