{"train_samples_per_second":6.745,"total_flos":6.61182725578752e+15,"_step":12,"train/epoch":1.8143236074270557,"eval/samples_per_second":15.993,"train_steps_per_second":6.745,"_wandb":{"runtime":169},"_timestamp":1.750524124774423e+09,"train_loss":0.655219697115714,"train/loss":0.4539,"train_runtime":167.6866,"_runtime":167.018747183,"train/grad_norm":1.079960584640503,"train/learning_rate":7.957371225577265e-05,"eval/steps_per_second":15.993,"eval/loss":0.8241993188858032,"train/global_step":684,"eval/runtime":2.6261}