{"train/loss":0.1716,"_step":18,"train_loss":0.45452874113668074,"_runtime":269.970873499,"train_steps_per_second":4.15,"eval/samples_per_second":15.569,"_timestamp":1.7500184351306853e+09,"_wandb":{"runtime":270},"eval/runtime":2.6976,"train_samples_per_second":4.15,"train/grad_norm":1.8752514123916626,"train/epoch":3,"train/global_step":1131,"eval/loss":0.8672537207603455,"total_flos":1.1393961884024832e+16,"train_runtime":272.5157,"train/learning_rate":1.882770870337478e-05,"eval/steps_per_second":15.569}