{"_wandb":{"runtime":99},"train/global_step":114,"_runtime":94.207897214,"train/epoch":0.30238726790450926,"train/loss":0.788,"train/grad_norm":0.40394049882888794,"train/learning_rate":0.0001808170515097691,"_step":0,"_timestamp":1.749422794343282e+09}