{"train/loss":0.1251,"train/grad_norm":1.7960536479949951,"total_flos":3.870923982305789e+16,"train/global_step":1131,"train_steps_per_second":1.239,"train_loss":0.42049629302492825,"eval/loss":0.9639402031898499,"_timestamp":1.7500016883918607e+09,"eval/steps_per_second":3.847,"eval/samples_per_second":3.847,"eval/runtime":10.9183,"train/epoch":3,"train_samples_per_second":1.239,"train_runtime":912.7514,"_wandb":{"runtime":912},"train/learning_rate":1.882770870337478e-05,"_runtime":911.53356409,"_step":18}