{"train/grad_norm":1.0609666109085083,"total_flos":1.1183507010920448e+16,"_runtime":264.767878443,"train_steps_per_second":4.26,"train_samples_per_second":4.26,"eval/samples_per_second":15.539,"eval/loss":1.0181509256362915,"eval/runtime":2.7029,"train/loss":0.2511,"_wandb":{"runtime":265},"train_loss":0.5300431441248886,"_step":18,"train/epoch":3,"eval/steps_per_second":15.539,"train/global_step":1131,"_timestamp":1.7500122200745265e+09,"train_runtime":265.4683,"train/learning_rate":1.882770870337478e-05}