{"train/global_step":1131,"eval/samples_per_second":15.392,"train/loss":0.2457,"train_runtime":269.0625,"train/learning_rate":1.882770870337478e-05,"_step":18,"train_steps_per_second":4.203,"train/epoch":3,"eval/loss":0.9834058880805969,"train/grad_norm":1.1829259395599365,"train_samples_per_second":4.203,"total_flos":1.1719559086829568e+16,"_wandb":{"runtime":267},"eval/steps_per_second":15.392,"eval/runtime":2.7287,"train_loss":0.5121793333773693,"_runtime":267.248105295,"_timestamp":1.7496030357050846e+09}