{"total_flos":5.11421828276736e+16,"_wandb":{"runtime":1045},"train_samples_per_second":1.081,"eval/steps_per_second":3.802,"train_loss":0.3876163177422777,"train/epoch":3,"eval/loss":0.7446097135543823,"_step":18,"train/grad_norm":0.7318550944328308,"train/learning_rate":1.882770870337478e-05,"eval/runtime":11.0465,"_timestamp":1.7495981091085835e+09,"train/global_step":1131,"_runtime":1045.350801517,"train_runtime":1046.4455,"eval/samples_per_second":3.802,"train/loss":0.1511,"train_steps_per_second":1.081}