{"total_flos":1.1835721735520256e+16,"eval/steps_per_second":15.617,"_timestamp":1.75001150761437e+09,"train_samples_per_second":4.249,"train/loss":0.1688,"train/epoch":3,"train_steps_per_second":4.249,"train_runtime":266.1639,"eval/samples_per_second":15.617,"eval/loss":0.8158390522003174,"eval/runtime":2.6894,"_step":18,"train/grad_norm":1.343409538269043,"train_loss":0.44400732544646865,"_runtime":264.967554589,"_wandb":{"runtime":265},"train/learning_rate":1.882770870337478e-05,"train/global_step":1131}