{"_wandb":{"runtime":263},"_timestamp":1.7505210249077845e+09,"eval/runtime":2.6298,"train/learning_rate":1.882770870337478e-05,"eval/samples_per_second":15.971,"train_samples_per_second":4.322,"_step":18,"total_flos":1.0812818043260928e+16,"train/grad_norm":1.5089770555496216,"train_loss":0.5722448499091003,"train_steps_per_second":4.322,"train/epoch":3,"eval/steps_per_second":15.971,"_runtime":260.444850501,"train_runtime":261.6582,"train/global_step":1131,"eval/loss":1.0469038486480713,"train/loss":0.2729}