{"_wandb":{"runtime":102},"train/loss":0.8133,"_step":0,"train/learning_rate":0.0001808170515097691,"_runtime":95.019383646,"train/grad_norm":0.3817836046218872,"train/epoch":0.30238726790450926,"train/global_step":114,"_timestamp":1.7494225719163764e+09}