{"train_runtime":1045.2915,"_step":18,"eval/samples_per_second":3.802,"_wandb":{"runtime":1044},"eval/steps_per_second":3.802,"_timestamp":1.749600489943116e+09,"train_samples_per_second":1.082,"train/learning_rate":1.882770870337478e-05,"train_steps_per_second":1.082,"train/grad_norm":0.8561568260192871,"train/loss":0.1505,"eval/runtime":11.0471,"_runtime":1044.520448487,"train/global_step":1131,"train_loss":0.3857636371615922,"train/epoch":3,"total_flos":5.11421828276736e+16,"eval/loss":0.7455959916114807}