{"eval/samples_per_second":4.57,"train/global_step":1131,"train_runtime":851.8536,"train/learning_rate":1.882770870337478e-05,"total_flos":4.6998735473664e+16,"train/grad_norm":0.01998227648437023,"eval/steps_per_second":4.57,"_step":18,"eval/runtime":9.19,"_timestamp":1.7496838574206653e+09,"train_steps_per_second":1.328,"eval/loss":0.09516743570566177,"_runtime":850.425007616,"train_samples_per_second":1.328,"train/epoch":3,"train/loss":0.0949,"train_loss":0.11058657281067812,"_wandb":{"runtime":850}}