{"_wandb":{"runtime":586},"train_samples_per_second":1.95,"train/learning_rate":7.957371225577265e-05,"eval/samples_per_second":3.826,"train_runtime":579.91,"train/global_step":684,"_step":12,"train/grad_norm":0.8310227990150452,"total_flos":2.1361172406110496e+16,"eval/runtime":10.9761,"_timestamp":1.7505231501039913e+09,"eval/loss":0.8695217967033386,"train/loss":0.4104,"eval/steps_per_second":3.826,"train/epoch":1.8143236074270557,"train_loss":0.6366111911528292,"_runtime":578.68948893,"train_steps_per_second":1.95}