{"train_samples_per_second":6.483,"train_loss":0.7370522203501205,"train/global_step":684,"train/grad_norm":0.7549098134040833,"_runtime":173.525022956,"train_steps_per_second":6.483,"train/learning_rate":7.957371225577265e-05,"eval/runtime":2.639,"eval/samples_per_second":15.915,"_step":12,"total_flos":6.529132658251776e+15,"train/loss":0.5525,"_timestamp":1.7505225116711555e+09,"eval/loss":0.897553026676178,"train/epoch":1.8143236074270557,"train_runtime":174.4534,"eval/steps_per_second":15.915,"_wandb":{"runtime":176}}