{"train/loss":0.1265,"train_loss":0.4423610626544497,"train/learning_rate":1.882770870337478e-05,"total_flos":3.63097876701119e+16,"train_samples_per_second":1.256,"eval/samples_per_second":3.809,"train/global_step":1131,"eval/loss":1.030738353729248,"train/epoch":3,"_step":18,"_timestamp":1.750016637049578e+09,"train_runtime":900.4463,"_runtime":899.615559051,"eval/runtime":11.0271,"_wandb":{"runtime":899},"train_steps_per_second":1.256,"eval/steps_per_second":3.809,"train/grad_norm":1.6993827819824219}