{"eval/loss":0.5118951797485352,"train/loss":0.4976,"_timestamp":1.749520399686323e+09,"train/epoch":0.6047745358090185,"_wandb":{"runtime":235},"_step":3,"eval/steps_per_second":4.007,"_runtime":206.0650609,"eval/runtime":10.4814,"train/grad_norm":0.3564566969871521,"eval/samples_per_second":4.007,"train/learning_rate":0.0001605683836589698,"train/global_step":228}