{"eval/steps_per_second":4.598,"train/global_step":1131,"eval/samples_per_second":4.598,"eval/runtime":9.134,"train/learning_rate":1.882770870337478e-05,"train/loss":0.1304,"train/epoch":3,"train_loss":0.19229176653685767,"eval/loss":0.2671293020248413,"total_flos":4.6998735473664e+16,"train_samples_per_second":1.367,"train/grad_norm":0.1326664537191391,"_wandb":{"runtime":826},"train_runtime":827.4354,"_timestamp":1.750019497379848e+09,"_runtime":825.808376877,"train_steps_per_second":1.367,"_step":18}